{"cameraMode":{"drawMode":0,"name":"Shaded","section":"Shading Mode"},"sceneLighting":true,"audioPlay":false,"sceneViewState":{"showFog":true,"showMaterialUpdate":false,"showSkybox":true,"showFlares":true,"showImageEffects":true,"showParticleSystems":true},"in2DMode":false,"pivot":{"x":-227.45407104492188,"y":-60.271873474121097,"z":33.58042907714844},"rotation":{"x":0.43575748801231387,"y":-0.008100960403680802,"z":0.003922526258975267,"w":0.9000215530395508},"size":245.3323516845703,"orthographic":false}